{
  "project_info": {
    "project_number": "32090046468",
    "project_id": "geofencchat",
    "storage_bucket": "geofencchat.firebasestorage.app"
  },
  "client": [
    {
      "client_info": {
        "mobilesdk_app_id": "1:32090046468:android:c156d8be4832a22ca9b551",
        "android_client_info": {
          "package_name": "com.example.geofencing1"
        }
      },
      "oauth_client": [],
      "api_key": [
        {
          "current_key": "AIzaSyDQ8RQTmTiMDd7kTGl0Poq_eCZwIqTDWzA"
        }
      ],
      "services": {
        "appinvite_service": {
          "other_platform_oauth_client": []
        }
      }
    }
  ],
  "configuration_version": "1"
}